Baozi@gmail.com|Yanfei Zhou
alice@gmail.com|Alice
bobby@gmail.com|Bobby
cobb@gmail.com|Cobb
david@gmail.com|David
echo@gmail.com|Echo
frank@gmail.com|Frank
grace@gmail.com|Grace
harry@gmail.com|Harry Potter
jane@gmail.com|Jane
mike@gmail.com|Mike